code_bss,variation_20y_cm,station_class,codepoly,CodeEH
00061X0117/PZ1,242.369510457502,Forte hausse (≥ +50 cm),138926,119
00065X0148/P,-18.137742368092997,Quasi stable (-20 à +20 cm),13608,119
00067X0183/PZ1,35.313552469513795,Hausse modérée (+20 à +50 cm),13562,123
00068X0010/F295,179.59893953199278,Forte hausse (≥ +50 cm),24660,121
00103X0322/F,12.724096609401201,Quasi stable (-20 à +20 cm),24561,135
00104X0054/P1,7.728970546389399,Quasi stable (-20 à +20 cm),41900,135
00107X0006/P1,258.688839177239,Forte hausse (≥ +50 cm),24812,119
00115X0011/P1,108.08618875192938,Forte hausse (≥ +50 cm),24790,121
00124X0023/F1,-296.58631156976,Forte baisse (≤ -50 cm),115593,117
00143C0079/F1,-264.03504141689734,Forte baisse (≤ -50 cm),26693,117
00146B0007/F1,568.1958353373429,Forte hausse (≥ +50 cm),25044,918
00147D0218/P1,59.1462175535148,Forte hausse (≥ +50 cm),85814,119
00171X0051/P1,40.7369281705282,Hausse modérée (+20 à +50 cm),125442,121
00172X0037/P1,166.87685328233758,Forte hausse (≥ +50 cm),74784,119
00182X0010/P1,-75.65858868466779,Forte baisse (≤ -50 cm),90571,121
00182X0031/P,162.6322483057946,Forte hausse (≥ +50 cm),24741,119
00197X0049/F2,82.4077916051448,Forte hausse (≥ +50 cm),14653,121
00198X0123/P1,101.91029731061421,Forte hausse (≥ +50 cm),25008,121
00203A0359/PZ2,-63.694384741667,Forte baisse (≤ -50 cm),85988,119
00207X0133/F1,181.6185757933892,Forte hausse (≥ +50 cm),24929,119
00216X0073/PZ3,-42.8680949741588,Baisse modérée (-50 à -20 cm),15028,119
00217X0068/P1,3.3140936827063996,Quasi stable (-20 à +20 cm),14713,916
00225X0077/FC2,32.0382436520396,Hausse modérée (+20 à +50 cm),14729,916
00238X0037/F,32.909497063847404,Hausse modérée (+20 à +50 cm),131340,119
00241X0012/P1,254.07334095670117,Forte hausse (≥ +50 cm),59557,119
00253X0044/PZ1,81.4072222663938,Forte hausse (≥ +50 cm),90537,119
00254X0037/PZ1,211.3907031722076,Forte hausse (≥ +50 cm),59629,119
00263X0006/P1,60.017920271660394,Forte hausse (≥ +50 cm),14891,119
00263X0129/PZASA4,19.365387844127802,Quasi stable (-20 à +20 cm),83643,119
00271X0002/P2,175.8457785729306,Forte hausse (≥ +50 cm),14846,119
00275X0005/P1,95.45426531697599,Forte hausse (≥ +50 cm),24962,121
00281X0002/F1,293.86784189705975,Forte hausse (≥ +50 cm),14797,119
00281X0004/F1,68.1160633696034,Forte hausse (≥ +50 cm),25361,119
00286X0405/PZST2,-43.252671534187606,Baisse modérée (-50 à -20 cm),25217,119
00291X0031/P1,82.45304943995201,Forte hausse (≥ +50 cm),35882,119
00296X0158/P1,-23.574001614584798,Baisse modérée (-50 à -20 cm),35882,119
00326X0018/P,379.3910340815458,Forte hausse (≥ +50 cm),13388,121
00331X0051/F.SEP,288.70559112010443,Forte hausse (≥ +50 cm),148094,119
00332X0007/S1,150.86005735925022,Forte hausse (≥ +50 cm),28127,121
00332X0036/P,129.4385407702264,Forte hausse (≥ +50 cm),28127,121
00335X0005/S1,88.2568356364766,Forte hausse (≥ +50 cm),65268,121
00338X0014/P,169.9775684217556,Forte hausse (≥ +50 cm),58889,119
00341X0050/PZ1,313.0668480506602,Forte hausse (≥ +50 cm),58927,119
00342X0025/S1,136.97782279614458,Forte hausse (≥ +50 cm),132790,119
00346X0011/S1,99.685146337272,Forte hausse (≥ +50 cm),58929,119
00347X0002/P,256.1060409492632,Forte hausse (≥ +50 cm),58943,119
00358X0216/PIEZO,212.4874618181242,Forte hausse (≥ +50 cm),14364,121
00365X0003/P1,200.9665224213102,Forte hausse (≥ +50 cm),125541,119
00367X0026/P1,41.632519997959996,Hausse modérée (+20 à +50 cm),91281,119
00378X0162/PZCAT4,43.20449515973001,Hausse modérée (+20 à +50 cm),25646,119
00387X0184/PZCC1,5.9420087572692,Quasi stable (-20 à +20 cm),12275,123
00406X0029/PAEP,11.385958181481,Quasi stable (-20 à +20 cm),29654,211
00435X0079/S1,419.77367552814957,Forte hausse (≥ +50 cm),65236,119
00441X0007/P,35.7113428398258,Hausse modérée (+20 à +50 cm),38915,119
00442X0050/P4,18.2925167159908,Quasi stable (-20 à +20 cm),65248,121
00443X0042/S1,319.21988465103004,Forte hausse (≥ +50 cm),13344,119
00444X0008/S1,279.8985681345942,Forte hausse (≥ +50 cm),65262,119
00444X0048/F,136.75002158502218,Forte hausse (≥ +50 cm),41284,119
00445X0006/P,169.83035829376817,Forte hausse (≥ +50 cm),42459,121
00453X0026/P,59.631498480730805,Forte hausse (≥ +50 cm),41299,121
00463X0036/H1,166.02219610904137,Forte hausse (≥ +50 cm),41314,119
00465X0007/F,119.98090572833699,Forte hausse (≥ +50 cm),119164,119
00471X0095/PZ2013,334.272963344107,Forte hausse (≥ +50 cm),63366,121
00484X0018/S1,28.9421495824422,Hausse modérée (+20 à +50 cm),14190,121
00487X0015/S1,286.825772722555,Forte hausse (≥ +50 cm),14309,121
00491X0013/P,151.24244134261,Forte hausse (≥ +50 cm),14204,121
00496X0019/S1,34.5929211842148,Hausse modérée (+20 à +50 cm),41357,121
00497X0018/S1,35.2326856231968,Hausse modérée (+20 à +50 cm),86132,119
00502X0003/S1,-123.8236180398958,Forte baisse (≤ -50 cm),84324,119
00512X0206/P,-98.5761007279266,Forte baisse (≤ -50 cm),84433,211
00516X0059/S1,75.0785332033508,Forte hausse (≥ +50 cm),117105,139
00578X0002/S1,494.4403895779578,Forte hausse (≥ +50 cm),38879,119
00582X0069/P,287.1964788727408,Forte hausse (≥ +50 cm),38886,121
00584X0020/P,150.8138368488294,Forte hausse (≥ +50 cm),65222,119
00588X0037/P,505.8820033359041,Forte hausse (≥ +50 cm),58786,119
00592X0001/S1,108.99875896457081,Forte hausse (≥ +50 cm),58796,121
00597X0007/S1,82.635667597986,Forte hausse (≥ +50 cm),44629,119
00604X0224/S1,185.77656786150558,Forte hausse (≥ +50 cm),78670,119
00606X0086/P,233.81440586936182,Forte hausse (≥ +50 cm),112279,121
00608X0028/S1,561.950062613637,Forte hausse (≥ +50 cm),13316,119
00608X0206/S1,192.31678693679518,Forte hausse (≥ +50 cm),78670,119
00611X0035/S1,386.53567179227963,Forte hausse (≥ +50 cm),42515,119
00616X0040/PZ,67.9479528218052,Forte hausse (≥ +50 cm),42521,121
00625X0002/S1,41.4338999162706,Hausse modérée (+20 à +50 cm),39016,119
00632X0023/P,316.81983072728855,Forte hausse (≥ +50 cm),79724,119
00633X0132/FR.PAC,147.411845334925,Forte hausse (≥ +50 cm),79724,119
00634X0039/S1,102.984052623253,Forte hausse (≥ +50 cm),42585,119
00634X0147/PZ1,146.7215370589582,Forte hausse (≥ +50 cm),42604,119
00636X0020/P,474.5749560395086,Forte hausse (≥ +50 cm),42585,119
00637X0093/F,266.33575993620536,Forte hausse (≥ +50 cm),42585,119
00638X0116/S1,97.903075783833,Forte hausse (≥ +50 cm),91142,119
00643X0015/P,181.12705152262157,Forte hausse (≥ +50 cm),64783,119
00643X0031/P,254.7048914723542,Forte hausse (≥ +50 cm),42621,119
00651X0092/F,124.582051910307,Forte hausse (≥ +50 cm),59313,119
00654X0014/S1,113.07940415295701,Forte hausse (≥ +50 cm),42672,119
00665X0016/S1,300.43888835185476,Forte hausse (≥ +50 cm),41394,119
00671X0052/S1,2.2695609904603997,Quasi stable (-20 à +20 cm),54664,119
00684X0051/F-AEP,403.7353455936628,Forte hausse (≥ +50 cm),29708,141
00692X0062/P,8.918420455360202,Quasi stable (-20 à +20 cm),120808,211
00732X0032/P,17.1385495503318,Quasi stable (-20 à +20 cm),81507,169
00748X0008/S1,32.205951767866395,Hausse modérée (+20 à +50 cm),43188,119
00751X0004/S1,216.8988852959974,Forte hausse (≥ +50 cm),6162,119
00755X0006/S1,125.9835987252536,Forte hausse (≥ +50 cm),43020,119
00762X0004/S1,109.209897975814,Forte hausse (≥ +50 cm),116995,119
00766X0004/S1,743.8985728605358,Forte hausse (≥ +50 cm),116995,119
00771X0030/P,44.6520343207504,Hausse modérée (+20 à +50 cm),38853,119
00773X0002/S1,607.1255365163523,Forte hausse (≥ +50 cm),38846,119
00775X0099/F14,11.7094994247688,Quasi stable (-20 à +20 cm),42015,924
00776X0096/S1,22.6934503787352,Hausse modérée (+20 à +50 cm),38853,119
00777X0008/S1,428.00221251782034,Forte hausse (≥ +50 cm),38837,119
00791X0017/S1,284.0568745323208,Forte hausse (≥ +50 cm),13309,119
00792X0010/S1,165.6663706912226,Forte hausse (≥ +50 cm),13293,119
00794X0021/S1,216.27733957209378,Forte hausse (≥ +50 cm),79633,119
00801X0005/S1,95.9922476242558,Forte hausse (≥ +50 cm),39027,121
00805X0002/S1,207.1798877780498,Forte hausse (≥ +50 cm),89919,119
00807X0015/S1,278.1783318541176,Forte hausse (≥ +50 cm),13257,119
00815X0067/P,442.1213828641846,Forte hausse (≥ +50 cm),13263,119
00817X0145/PZ_SN,325.1403343133536,Forte hausse (≥ +50 cm),39082,121
00836X0007/P,-6.086686113367399,Quasi stable (-20 à +20 cm),54531,113
00843X0024/S1,239.6287361453548,Forte hausse (≥ +50 cm),41429,121
00845X0036/S1,112.074285468555,Forte hausse (≥ +50 cm),78814,119
00847X0043/S1,41.2245836680644,Hausse modérée (+20 à +50 cm),39311,121
00853X0030/PZ2013,129.16070436602482,Forte hausse (≥ +50 cm),41484,119
00855X0001/S1,211.0124080588612,Forte hausse (≥ +50 cm),39310,121
00862X0005/S1,-30.091384512884602,Baisse modérée (-50 à -20 cm),74235,127
00868X0016/S1,0.54180469804,Quasi stable (-20 à +20 cm),28469,135
00873X0036/F2,-138.90198822491,Forte baisse (≤ -50 cm),40418,139
00937X0030/F4,29.380361048323202,Hausse modérée (+20 à +50 cm),35802,104
00941X0034/S-2,-5.8786029099738,Quasi stable (-20 à +20 cm),35828,104
00945X0064/F,309.92299168367435,Forte hausse (≥ +50 cm),35816,141
00956X0055/S1,-20.8757226217894,Baisse modérée (-50 à -20 cm),52803,139
00957X0005/S1,46.8424815378162,Hausse modérée (+20 à +50 cm),52791,139
00974X0128/PZ1908,-2.5130424492120005,Quasi stable (-20 à +20 cm),58719,924
00987X0009/S1,3.6628393693312002,Quasi stable (-20 à +20 cm),38062,119
00993X0002/S1,-144.36227638542158,Forte baisse (≤ -50 cm),42073,119
01003X0008/S1,45.1817217090342,Hausse modérée (+20 à +50 cm),38731,119
01008X0018/S1,40.692030833368804,Hausse modérée (+20 à +50 cm),38732,119
01011X0045/P,53.7258443663452,Forte hausse (≥ +50 cm),53617,121
01017X0074/S1,230.20725012166938,Forte hausse (≥ +50 cm),38810,119
01022X0073/P,-15.0216713498352,Quasi stable (-20 à +20 cm),64026,131
01024X0058/S1,445.8610376565886,Forte hausse (≥ +50 cm),58998,119
01028X0018/S1,72.81242803747399,Forte hausse (≥ +50 cm),118764,123
01031X0031/P,457.122387230502,Forte hausse (≥ +50 cm),79675,119
01034X0014/S1,237.85192360650117,Forte hausse (≥ +50 cm),113268,119
01042X0049/S1,228.06858917702496,Forte hausse (≥ +50 cm),59267,119
01045X0015/S1,72.980808943684,Forte hausse (≥ +50 cm),59259,121
01046X0010/S1,227.4650016956952,Forte hausse (≥ +50 cm),128055,113
01053X0058/S1,-234.0526305852884,Forte baisse (≤ -50 cm),70762,113
01066X0133/S1,-41.6805949377118,Baisse modérée (-50 à -20 cm),13105,113
01074X0006/S1,32.898908979839405,Hausse modérée (+20 à +50 cm),77952,121
01102X0025/S1,11.611690182628399,Quasi stable (-20 à +20 cm),42771,135
01112X0005/F2,23.8914576814468,Hausse modérée (+20 à +50 cm),74689,950
01114X0042/S,10.6526834331826,Quasi stable (-20 à +20 cm),120821,137
01116X0138/F1,0.245524855347,Quasi stable (-20 à +20 cm),30399,135
01137X0175/PTS-5,2871.4286765555385,Forte hausse (≥ +50 cm),78410,139
01168X0065/P,63.604810127515,Forte hausse (≥ +50 cm),135632,104
01176X0061/F,11.4169418924146,Quasi stable (-20 à +20 cm),33424,104
01184X0021/S1,76.2754423509914,Forte hausse (≥ +50 cm),37707,119
01186X0007/P,-146.0785912320722,Forte baisse (≤ -50 cm),16061,165
01191X0004/S1,39.062914340565605,Hausse modérée (+20 à +50 cm),37704,119
01192X0043/S1,43.7739536171464,Hausse modérée (+20 à +50 cm),2712,139
01193X0044/S1,108.09181657705021,Forte hausse (≥ +50 cm),52854,139
01194X0069/S1,200.72144364439822,Forte hausse (≥ +50 cm),52820,119
01194X0149/FEA7,36.0708845704104,Hausse modérée (+20 à +50 cm),52854,139
01198X0029/S8,27.11743634066,Hausse modérée (+20 à +50 cm),85377,119
01211X0037/S1,-89.2129017109592,Forte baisse (≤ -50 cm),42252,119
01227X0022/P,210.96040246576823,Forte hausse (≥ +50 cm),65154,119
01232X0006/P,32.7369476956212,Hausse modérée (+20 à +50 cm),38083,119
01245X0010/S1,238.06951665266877,Forte hausse (≥ +50 cm),45152,104
01252X0011/S1,583.2283219809752,Forte hausse (≥ +50 cm),38757,119
01256X0002/S1,2.528007247344,Quasi stable (-20 à +20 cm),34152,113
01261X0044/S1,235.80511499405122,Forte hausse (≥ +50 cm),46153,119
01264X0029/S1,276.4446371671286,Forte hausse (≥ +50 cm),55192,119
01266X1013/S1,38.272504392828,Hausse modérée (+20 à +50 cm),70636,113
01272X0086/S1,170.64425781278138,Forte hausse (≥ +50 cm),70678,119
01277X0192/S1,34.788683864369595,Hausse modérée (+20 à +50 cm),89937,924
01287X0017/S1,108.9223194047306,Forte hausse (≥ +50 cm),51480,113
01293X0048/S1,-66.498181815726,Forte baisse (≤ -50 cm),64611,113
01293X0071/S1,-78.47714888079,Forte baisse (≤ -50 cm),80753,113
01306X0023/S1,56.7335317850872,Forte hausse (≥ +50 cm),51915,113
01308X0082/S1,15.1540605563784,Quasi stable (-20 à +20 cm),51953,113
01322X0049/PZADER,62.914875629849,Forte hausse (≥ +50 cm),120668,121
01347X0002/S1,29.437297938819,Hausse modérée (+20 à +50 cm),54996,123
01358X0035/PC1,10.8486929788722,Quasi stable (-20 à +20 cm),30386,950
01358X0208/PZ4,23.3847613324066,Hausse modérée (+20 à +50 cm),30386,950
01372X0198/P2,55.7986107221326,Forte hausse (≥ +50 cm),121564,139
01372X0204/M52,64.98980778320761,Forte hausse (≥ +50 cm),118106,139
01377X0099/FM,5.432604302418601,Quasi stable (-20 à +20 cm),60165,139
01377X0205/F3,76.15048922169541,Forte hausse (≥ +50 cm),118124,139
01381X0070/P25,30.869327881263196,Hausse modérée (+20 à +50 cm),30617,952
01392X0110/654,39.3452358746774,Hausse modérée (+20 à +50 cm),87063,143
01396X0060/P2,171.197560750321,Forte hausse (≥ +50 cm),87063,143
01423X0044/F4,21.720239835494997,Hausse modérée (+20 à +50 cm),81445,161
01461X0012/S1,5.1291734578196,Quasi stable (-20 à +20 cm),53095,139
01462X0072/S1,50.5644207766014,Forte hausse (≥ +50 cm),77375,139
01462X0079/S1,56.8421161250766,Forte hausse (≥ +50 cm),77376,119
01463X0103/S1,197.5041397660172,Forte hausse (≥ +50 cm),81717,139
01474X0048/P1,79.6736258247708,Forte hausse (≥ +50 cm),43076,119
01482X0055/P,74.28587846697141,Forte hausse (≥ +50 cm),65154,119
01487X0001/S1,22.1176437603878,Hausse modérée (+20 à +50 cm),70543,119
01491X0009/S1,-30.782701438937398,Baisse modérée (-50 à -20 cm),38047,119
01493X0001/P,-3.5011404333633998,Quasi stable (-20 à +20 cm),38664,119
01506X0016/P1,-251.95052942636346,Forte baisse (≤ -50 cm),46606,119
01508X0100/P,1.9352761750139997,Quasi stable (-20 à +20 cm),45050,113
01508X0133/S1,14.261858219926,Quasi stable (-20 à +20 cm),70563,121
01515X2015/S1,-171.4786335596824,Forte baisse (≤ -50 cm),44062,104
01516X0004/S1,42.6909377820882,Hausse modérée (+20 à +50 cm),44831,121
01516X0021/S1,57.9200651805744,Forte hausse (≥ +50 cm),44831,121
01522X0069/PZ2008,715.6447694150522,Forte hausse (≥ +50 cm),89513,119
01531X0047/F,958.2730562205686,Forte hausse (≥ +50 cm),78705,924
01534X0049/F,237.9120720543918,Forte hausse (≥ +50 cm),59210,113
01543X0028/S1,138.441078703199,Forte hausse (≥ +50 cm),45198,113
01551X1013/S1,39.274097661244,Hausse modérée (+20 à +50 cm),76174,113
01553X1015/S1,26.498946889637597,Hausse modérée (+20 à +50 cm),112196,113
01561X0044/S1,7.081117695248,Quasi stable (-20 à +20 cm),81106,113
01567X0083/S1,10.4170303733838,Quasi stable (-20 à +20 cm),50857,107
01568X0101/S1,25.673015506899,Hausse modérée (+20 à +50 cm),50866,113
01584X0023/LV3,160.60869315153238,Forte hausse (≥ +50 cm),121522,121
01593X0100/F1,8.5687482848332,Quasi stable (-20 à +20 cm),54930,121
01612X0116/FE,-39.1660842253966,Baisse modérée (-50 à -20 cm),28519,131
01632X0070/V105,398.94459732185,Forte hausse (≥ +50 cm),118054,139
01644X0033/F,121.5976002854002,Forte hausse (≥ +50 cm),127410,143
01695X0131/F,23.9580960087118,Hausse modérée (+20 à +50 cm),106616,221
01756X0008/S1,-13.707195570594802,Quasi stable (-20 à +20 cm),92529,163
01768X0022/S2,41.498584300915404,Hausse modérée (+20 à +50 cm),85645,139
01778X0015/F,20.630458495022,Hausse modérée (+20 à +50 cm),42971,135
01792X0020/PZ2,374.4425726627278,Forte hausse (≥ +50 cm),132065,119
01803X0004/P,-106.9363515458432,Forte baisse (≤ -50 cm),46325,119
01805X0036/S1,249.59562787993042,Forte hausse (≥ +50 cm),29593,119
01807X0051/S1,40.0566094674158,Hausse modérée (+20 à +50 cm),29571,924
01815X0006/FAEP,340.90606854229424,Forte hausse (≥ +50 cm),24329,119
01837A0096/F2,1104.2160327406903,Forte hausse (≥ +50 cm),30051,113
01846X0361/P1,115.2725371950846,Forte hausse (≥ +50 cm),79236,107
01853X0002/S1,49.0598188258594,Hausse modérée (+20 à +50 cm),76978,113
01868X0030/S1,108.5798291975882,Forte hausse (≥ +50 cm),34289,110
01871X0031/S1,222.769495001724,Forte hausse (≥ +50 cm),44093,110
01885X0002/S1,32.175665477813,Hausse modérée (+20 à +50 cm),116449,926
01891X0047/PZ1,49.0049922679846,Hausse modérée (+20 à +50 cm),12846,926
01894X0002/S1,55.2304626983008,Forte hausse (≥ +50 cm),64166,121
01897X0002/S1,2.653643248902,Quasi stable (-20 à +20 cm),12830,121
01907X0068/PZ2013,5.5898580124734005,Quasi stable (-20 à +20 cm),112792,926
01915X0023/PC7,31.437071762414604,Hausse modérée (+20 à +50 cm),26571,131
01918X0006/P1,72.7166398630858,Forte hausse (≥ +50 cm),62737,135
01934X0106/33,3.3986933385988003,Quasi stable (-20 à +20 cm),30626,952
01937X0054/F,20.1124459087278,Hausse modérée (+20 à +50 cm),118136,139
01995X0012/342B,21.130510721247198,Hausse modérée (+20 à +50 cm),129758,221
01995X0103/338B1,14.0757047927732,Quasi stable (-20 à +20 cm),95953,221
02034X0082/PZ,36.5254459599908,Hausse modérée (+20 à +50 cm),16200,189
02047X0072/PZ,21.846001818754402,Hausse modérée (+20 à +50 cm),106540,187
02101X0044/P,3.750985602449,Quasi stable (-20 à +20 cm),92873,171
02131X0018/S4,24.8560888188398,Hausse modérée (+20 à +50 cm),52889,137
02133X0008/S1-92,89.1107101875868,Forte hausse (≥ +50 cm),119719,139
02135X0016/S4,10.3436304807414,Quasi stable (-20 à +20 cm),52919,139
02144X0005/S1,292.8563334636408,Forte hausse (≥ +50 cm),41808,119
02155X1040/F,36.007400078012004,Hausse modérée (+20 à +50 cm),62630,119
02163X0015/P,154.4953336045936,Forte hausse (≥ +50 cm),29593,119
02165X0023/PFAEP,378.8798396938516,Forte hausse (≥ +50 cm),29593,119
02171X0008/PF,149.1099301628978,Forte hausse (≥ +50 cm),70377,119
02202X0150/FR,188.511028911821,Forte hausse (≥ +50 cm),34417,107
02206X0085/F,268.7128826468126,Forte hausse (≥ +50 cm),43806,113
02208X0036/FCH9,731.6462613394203,Forte hausse (≥ +50 cm),46026,107
02218X0033/P6,170.1575174562822,Forte hausse (≥ +50 cm),51106,107
02233X0015/FO,177.77853415706522,Forte hausse (≥ +50 cm),55092,121
02255X0003/S1,180.5856813291508,Forte hausse (≥ +50 cm),55093,121
02267X0030/S1,16.774217763977,Quasi stable (-20 à +20 cm),15839,926
02276X0050/P1,-6.4620114106152,Quasi stable (-20 à +20 cm),26585,131
02281X0037/S1,63.7583851330606,Forte hausse (≥ +50 cm),62737,135
02296X0038/P1,-19.732912416144,Quasi stable (-20 à +20 cm),129060,137
02303X0065/P,-91.778011120277,Forte baisse (≤ -50 cm),120684,141
02307X0281/S,163.1506224002464,Forte hausse (≥ +50 cm),15999,954
02327X0032/F,-26.425482147184,Baisse modérée (-50 à -20 cm),86925,143
02346X0139/313A,60.232104353669605,Forte hausse (≥ +50 cm),131423,221
02385X0046/PZ,10.041772958404,Quasi stable (-20 à +20 cm),53503,191
02388X0060/F1,16.0537296206762,Quasi stable (-20 à +20 cm),22750,191
02394X0019/F,5.7392787847966,Quasi stable (-20 à +20 cm),93285,191
02396X0030/PZ,-25.258436705126403,Baisse modérée (-50 à -20 cm),109062,191
02408X0016/F,19.3494432130364,Quasi stable (-20 à +20 cm),144582,189
02413X0065/PZ,31.483859930854003,Hausse modérée (+20 à +50 cm),108920,189
02431X0106/F,-1.6376140530513998,Quasi stable (-20 à +20 cm),133589,187
02442X0111/F,-30.6893041612058,Baisse modérée (-50 à -20 cm),131387,187
02451X0023/F,-40.2005945608322,Baisse modérée (-50 à -20 cm),151988,173
02465X0061/F,57.850922208587995,Forte hausse (≥ +50 cm),93030,173
02473X0037/P,-2.8327515360890003,Quasi stable (-20 à +20 cm),33754,171
02478X0156/PZ,17.901437079385797,Quasi stable (-20 à +20 cm),152491,171
02503X0011/FO,-53.169654712481794,Forte baisse (≤ -50 cm),151912,179
02507X0615/PZ6,-18.012852171922,Quasi stable (-20 à +20 cm),151912,179
02516X0071/P3-90,1.6244052728315999,Quasi stable (-20 à +20 cm),42941,137
02523X0002/S2,55.637554381060006,Forte hausse (≥ +50 cm),125585,123
02523X0029/P,35.826902392198804,Hausse modérée (+20 à +50 cm),38630,123
02527X0009/S1,63.1148692335166,Forte hausse (≥ +50 cm),38622,123
02533X2003/PCAEP,-55.5629600187052,Forte baisse (≤ -50 cm),33641,119
02535X0018/FE1-93,19.827911652816997,Quasi stable (-20 à +20 cm),41777,937
02542X0035/P,84.86165504174501,Forte hausse (≥ +50 cm),62632,119
02545X0048/FAEP,-7.643557860368599,Quasi stable (-20 à +20 cm),33639,119
02548X0005/PFAEP,94.8875683078438,Forte hausse (≥ +50 cm),44768,119
02551X0022/FAEP,40.873911647194,Hausse modérée (+20 à +50 cm),46185,119
02553X0020/PFAEP,9.5639150981784,Quasi stable (-20 à +20 cm),88668,107
02557X0001/FAEP,67.8325084651186,Forte hausse (≥ +50 cm),73333,107
02558X0034/P,188.9271495108926,Forte hausse (≥ +50 cm),40514,107
02565X0019/P,187.64088018109223,Forte hausse (≥ +50 cm),74600,104
02566X0019/S1,146.46707339685742,Forte hausse (≥ +50 cm),74600,104
02572X0051/CHEBID,-41.603657154406605,Baisse modérée (-50 à -20 cm),45656,107
02576X0018/S1,7.354274718291,Quasi stable (-20 à +20 cm),70300,107
02581X0103/P9,291.80222049873976,Forte hausse (≥ +50 cm),43276,107
02584X0024/FCH7,552.2572662849487,Forte hausse (≥ +50 cm),34739,107
02592X0036/F1,400.001700086224,Forte hausse (≥ +50 cm),51129,107
02594X0094/P13,366.1961926579236,Forte hausse (≥ +50 cm),34929,107
02603X0009/S1,1776.3780582997142,Forte hausse (≥ +50 cm),89263,113
02603X1064/P,443.8533246127608,Forte hausse (≥ +50 cm),55186,121
02606X0112/G5,7.3751673078694,Quasi stable (-20 à +20 cm),132194,928
02615X0020/S1,138.04845318251523,Forte hausse (≥ +50 cm),44772,121
02617X0009/S1,356.34798725089973,Forte hausse (≥ +50 cm),55135,121
02621X0085/PZ,-10.432625972088799,Quasi stable (-20 à +20 cm),55098,928
02636X0009/S1,13.032962924362002,Quasi stable (-20 à +20 cm),26700,928
02645X0038/D601,87.507233221301,Forte hausse (≥ +50 cm),64295,125
02648X0020/S1,6.1804279680416,Quasi stable (-20 à +20 cm),26652,131
02653X0001/F1,-14.515649004922002,Quasi stable (-20 à +20 cm),86808,131
02663X0001/S,40.682491244812205,Hausse modérée (+20 à +50 cm),30379,135
02667X0014/FE2,-27.9297496487514,Baisse modérée (-50 à -20 cm),30379,135
02697X0005/F,-52.389860655556,Forte baisse (≤ -50 cm),92722,954
02706X0074/S77-20,-11.298084218451999,Quasi stable (-20 à +20 cm),107032,143
02726X0029/238,-4.2495718627782,Quasi stable (-20 à +20 cm),16720,221
02761X0032/PZ,11.4084461290548,Quasi stable (-20 à +20 cm),93405,189
02782X0047/PZ,-0.136260714421573,Quasi stable (-20 à +20 cm),106541,187
02794X0063/PZ,-0.9621525730586,Quasi stable (-20 à +20 cm),93249,187
02796X0044/PZ,5.509200216218,Quasi stable (-20 à +20 cm),93424,199
02803X0036/PZ,-7.660054665836599,Quasi stable (-20 à +20 cm),131386,187
02812X0238/PZ,1.2677552916122001,Quasi stable (-20 à +20 cm),146766,104
02846X6018/PZ3,133.13464777918222,Forte hausse (≥ +50 cm),151919,179
02854X0024/PZ6,26.388847993774,Hausse modérée (+20 à +50 cm),151912,179
02883X0017/F3,113.550597172942,Forte hausse (≥ +50 cm),114907,135
02883X0018/FE2,65.209700338707,Forte hausse (≥ +50 cm),42882,135
02895X0004/FE1-92,29.4714062557148,Hausse modérée (+20 à +50 cm),116007,937
02896X0013/F2,35.499464639662804,Hausse modérée (+20 à +50 cm),70391,123
02903X0029/P,92.7224029454824,Forte hausse (≥ +50 cm),37216,119
02905X0020/FAEP,-67.71651733484441,Forte baisse (≤ -50 cm),7090,123
02908X0010/PFAEP,78.8432302516558,Forte hausse (≥ +50 cm),15446,119
02912X0082/F,165.82842905863959,Forte hausse (≥ +50 cm),73328,107
02921X0001/FAEP,75.73931988899619,Forte hausse (≥ +50 cm),40543,104
02922X1006/P,56.9660679871374,Forte hausse (≥ +50 cm),40549,104
02923X0007/F,17.1366023320952,Quasi stable (-20 à +20 cm),40595,107
02927X1013/P,52.24858972629261,Forte hausse (≥ +50 cm),43439,107
02931X0008/S1,-61.550176342795794,Forte baisse (≤ -50 cm),40839,107
02936X2005/PFAEP,48.5830166643722,Hausse modérée (+20 à +50 cm),43395,107
02943X0013/S1,26.902503868926797,Hausse modérée (+20 à +50 cm),52185,107
02962X1004/F,102.34207240409741,Forte hausse (≥ +50 cm),44770,121
02967X0006/PUITS,112.63755315169819,Forte hausse (≥ +50 cm),37573,121
02974X0004/S1,213.2767008872114,Forte hausse (≥ +50 cm),6574,121
02982X0028/F,509.61650076635453,Forte hausse (≥ +50 cm),55149,121
02994X0092/D07L,-200.92207963258798,Forte baisse (≤ -50 cm),64293,127
03027X0007/F1,-54.365481490322395,Forte baisse (≤ -50 cm),107964,139
03037X0053/F,222.4983952310132,Forte hausse (≥ +50 cm),48149,143
03043X0056/PZ4,-27.7504617954044,Baisse modérée (-50 à -20 cm),30518,952
03057X0018/F,-23.5535410404268,Baisse modérée (-50 à -20 cm),30531,143
03081X0025/223,-2.608558414343,Quasi stable (-20 à +20 cm),16700,221
03101X0023/PZ,22.8078334626004,Hausse modérée (+20 à +50 cm),93248,191
03103X0047/PZ,0.8566558638758,Quasi stable (-20 à +20 cm),55621,191
03107X0008/F,38.34191525230779,Hausse modérée (+20 à +50 cm),145754,193
03113X0031/F,-14.486746460493,Quasi stable (-20 à +20 cm),55621,191
03124X0088/F,30.5214891705596,Hausse modérée (+20 à +50 cm),94503,195
03128X0011/F,15.0578588933858,Quasi stable (-20 à +20 cm),125836,193
03137X0026/PZ,14.6958248518342,Quasi stable (-20 à +20 cm),152288,195
03152X0027/F,25.085725463959395,Hausse modérée (+20 à +50 cm),152305,199
03162X0049/PZ,-7.3619324555176,Quasi stable (-20 à +20 cm),132950,174
03172X0088/PZ,14.1011880957504,Quasi stable (-20 à +20 cm),136318,104
03175X0338/PZ,1.0185774323048,Quasi stable (-20 à +20 cm),151162,104
03182X0027/PZ,-18.1672848258604,Quasi stable (-20 à +20 cm),152230,174
03195X0513/PZ,-7.2403609575073995,Quasi stable (-20 à +20 cm),152358,179
03201X6016/PZ2,25.8233988425342,Hausse modérée (+20 à +50 cm),151919,179
03207X0603/PZ7,-13.2537461806514,Quasi stable (-20 à +20 cm),152002,179
03218X0022/PZ23,98.6042973978572,Forte hausse (≥ +50 cm),14111,139
03228X0048/F,36.588899155747804,Hausse modérée (+20 à +50 cm),13795,123
03237X0021/PZ16,17.916639449985798,Quasi stable (-20 à +20 cm),36641,123
03243X0001/F,-11.4810053730922,Quasi stable (-20 à +20 cm),37519,123
03244X0020/F,-56.326645362722594,Forte baisse (≤ -50 cm),37400,119
03248X0015/S,-15.340178754318401,Quasi stable (-20 à +20 cm),24282,119
03252X0009/F,56.432222071888795,Forte hausse (≥ +50 cm),37217,119
03252X0011/S,6.581115235488799,Quasi stable (-20 à +20 cm),37217,119
03254X0103/F,85.01301936505259,Forte hausse (≥ +50 cm),62639,119
03263X0004/FAEP,146.1284548654796,Forte hausse (≥ +50 cm),63786,107
03272X0006/PZ,59.3745887311238,Forte hausse (≥ +50 cm),73412,107
03282X0043/S1,69.04989882969099,Forte hausse (≥ +50 cm),116366,107
03296X1032/PC1,28.0636854891736,Hausse modérée (+20 à +50 cm),50794,107
03302X1012/S1,253.51207344956975,Forte hausse (≥ +50 cm),26080,117
03304X0039/P,157.0650690028136,Forte hausse (≥ +50 cm),69176,119
03308X0027/P,471.189571903582,Forte hausse (≥ +50 cm),69176,119
03314X1035/P,193.3616834637506,Forte hausse (≥ +50 cm),37524,119
03318X0043/P,165.4758528982978,Forte hausse (≥ +50 cm),64338,119
03328X0024/S1,87.4613573586356,Forte hausse (≥ +50 cm),55161,119
03336X0001/S1,-0.256909702981,Quasi stable (-20 à +20 cm),114641,125
03375X0013/P1,-9.193667245257,Quasi stable (-20 à +20 cm),60812,141
03378X1003/F,320.1666906774748,Forte hausse (≥ +50 cm),38459,141
03384X0005/F,-44.019294998713995,Baisse modérée (-50 à -20 cm),87185,143
03386X0031/S,-225.16861963550778,Forte baisse (≤ -50 cm),14139,143
03387X0040/S,-93.3905677679672,Forte baisse (≤ -50 cm),14137,143
03415X0037/P2,37.7270335227522,Hausse modérée (+20 à +50 cm),15725,231
03426X0226/PZ3,-89.1003967873014,Forte baisse (≤ -50 cm),95947,221
03427X0027/92,-10.7225790984178,Quasi stable (-20 à +20 cm),106542,221
03454X0070/F,54.4004716808134,Forte hausse (≥ +50 cm),94488,193
03462X0043/F,23.7759818622288,Hausse modérée (+20 à +50 cm),16356,193
03473X0029/PZ,22.5319134120136,Hausse modérée (+20 à +50 cm),109128,193
03486X0022/PZ,58.56998729849959,Forte hausse (≥ +50 cm),125825,195
03493X0013/F,16.669710267743802,Quasi stable (-20 à +20 cm),152288,195
03506X0059/F,62.582308388311006,Forte hausse (≥ +50 cm),152290,199
03516X0036/PZ,31.1704770705316,Hausse modérée (+20 à +50 cm),152305,199
03535X0043/PZ,28.5253884124112,Hausse modérée (+20 à +50 cm),152256,938
03546X0017/F,77.281386785789,Forte hausse (≥ +50 cm),152230,174
03554X0029/PZ5,410.0245716885332,Forte hausse (≥ +50 cm),151260,104
03577X0012/PZ13,101.7731584822392,Forte hausse (≥ +50 cm),152050,139
03586X0145/P2,55.217596415498406,Forte hausse (≥ +50 cm),37089,123
03593X0017/PZ14,48.3719611989978,Hausse modérée (+20 à +50 cm),70413,119
03593X0055/PZ,-138.9902335871936,Forte baisse (≤ -50 cm),70413,119
03603X0013/FAEP,-71.14037740563981,Forte baisse (≤ -50 cm),33552,113
03612X0098/P,61.564272340407996,Forte hausse (≥ +50 cm),15432,119
03614X0001/PAEP,91.3865667341518,Forte hausse (≥ +50 cm),24250,107
03616X0003/FAEP,-411.839953266563,Forte baisse (≤ -50 cm),15494,121
03618X0098/F,83.11881906030361,Forte hausse (≥ +50 cm),37238,107
03622X0027/PZ,142.8994330152046,Forte hausse (≥ +50 cm),50497,107
03626X0026/P,72.22263211637859,Forte hausse (≥ +50 cm),24211,107
03631X0099/F,53.582179228369995,Forte hausse (≥ +50 cm),50461,104
03634X0093/F,4.828895748888799,Quasi stable (-20 à +20 cm),64423,104
03646X0086/F1,-83.2414024152992,Forte baisse (≤ -50 cm),40994,104
03646X0087/F2,-89.7286613825966,Forte baisse (≤ -50 cm),40994,104
03646X0105/F3,-7.481091545909399,Quasi stable (-20 à +20 cm),40994,104
03651X0107/P,29.5361490066886,Hausse modérée (+20 à +50 cm),50769,107
03664X1032/P,263.828571283945,Forte hausse (≥ +50 cm),37938,121
03673X0017/PUITS,-149.2092654456304,Forte baisse (≤ -50 cm),64345,119
03676X0003/FORAGE,-26.051079707998404,Baisse modérée (-50 à -20 cm),33876,123
03686X0038/PUITS,117.9494783055812,Forte hausse (≥ +50 cm),134685,127
03732X0002/F1,15.397832801530601,Quasi stable (-20 à +20 cm),86782,141
03745X0021/P1,-17.3991076200204,Quasi stable (-20 à +20 cm),14141,143
03834X0049/PZ,53.82580565160979,Forte hausse (≥ +50 cm),152288,195
03851X0021/S2,4.7151573967777995,Quasi stable (-20 à +20 cm),16466,197
03862X0057/PZ,15.3311814231514,Quasi stable (-20 à +20 cm),93422,938
03871X0016/F,22.6684173780772,Hausse modérée (+20 à +50 cm),94560,199
03884X0021/TF1PR,45.1232751800974,Hausse modérée (+20 à +50 cm),152303,174
03885X0034/F,325.18170704347284,Forte hausse (≥ +50 cm),50708,174
03904X0064/PZ,35.71935958915,Hausse modérée (+20 à +50 cm),152363,179
03927X0055/PZ,144.31401907115298,Forte hausse (≥ +50 cm),50601,113
03936X0056/PZ,0.5170058449422,Quasi stable (-20 à +20 cm),40041,119
03953X0028/P,151.5317601476458,Forte hausse (≥ +50 cm),33631,121
03955X0006/FAEP,34.1277981297968,Hausse modérée (+20 à +50 cm),63010,121
03957X0052/FAEP,-31.051691704418,Baisse modérée (-50 à -20 cm),41676,121
03958X0002/PF,156.682089181662,Forte hausse (≥ +50 cm),53430,119
03963X0083/F,150.12941819553382,Forte hausse (≥ +50 cm),37250,119
03965X0029/P,144.24572944260018,Forte hausse (≥ +50 cm),58540,107
03966X0001/FAEP,8.190903281372,Quasi stable (-20 à +20 cm),60581,107
03975X0002/FAEP,170.70348157167018,Forte hausse (≥ +50 cm),24216,107
03975X0076/FAEP,-11.2967455679026,Quasi stable (-20 à +20 cm),24216,107
04003X0018/FAEP2,63.0692408277866,Forte hausse (≥ +50 cm),89409,107
04004X0007/F,-51.4388760805984,Forte baisse (≤ -50 cm),89408,107
04013X0042/P,45.3266248420574,Hausse modérée (+20 à +50 cm),69131,119
04014X0010/P,199.84524148607622,Forte hausse (≥ +50 cm),88816,119
04022X0058/P,40.227394823985996,Hausse modérée (+20 à +50 cm),114663,127
04103X0022/FC,2.1854829145256,Quasi stable (-20 à +20 cm),27960,710
04103X0065/S9,-12.0658641256466,Quasi stable (-20 à +20 cm),111534,143
04124X0105/P16,-41.6295544468588,Baisse modérée (-50 à -20 cm),95715,221
04132X0086/PP6,56.7347049865004,Forte hausse (≥ +50 cm),95715,221
04184X0035/F,112.57111544669681,Forte hausse (≥ +50 cm),94556,199
04193X0022/S2-6,50.05742239154161,Forte hausse (≥ +50 cm),151997,938
04202X0013/S9,141.1588013376422,Forte hausse (≥ +50 cm),152023,174
04231X0089/PZ,-216.95229190048576,Forte baisse (≤ -50 cm),151270,104
04242X0053/F,9.4788596649038,Quasi stable (-20 à +20 cm),14032,123
04248X0022/F,7.388183391187201,Quasi stable (-20 à +20 cm),11868,113
04261X2003/F,457.54220043117766,Forte hausse (≥ +50 cm),15101,119
04262X0003/F,107.60318843514321,Forte hausse (≥ +50 cm),15087,119
04265X0012/FAEP1,-92.6360627975366,Forte baisse (≤ -50 cm),37277,123
04277X0062/FAEP2,-9.8081816246332,Quasi stable (-20 à +20 cm),47700,121
04284X0119/F,27.753269642439797,Hausse modérée (+20 à +50 cm),27310,107
04285X0016/P,84.577518452408,Forte hausse (≥ +50 cm),41021,119
04286X0001/FAEP1,592.2102396085131,Forte hausse (≥ +50 cm),24174,119
04293X0003/FAEP,-45.9294295311922,Baisse modérée (-50 à -20 cm),50422,104
04312X0039/F,-38.8660617110674,Baisse modérée (-50 à -20 cm),74506,104
04313X0020/PAEP,11.1997938473482,Quasi stable (-20 à +20 cm),33786,104
04316X0061/F,2.1989088387821996,Quasi stable (-20 à +20 cm),50368,104
04326X0034/F,-114.5429928523444,Forte baisse (≤ -50 cm),50125,104
04332X0008/S,36.8165332028258,Hausse modérée (+20 à +50 cm),49218,121
04333X0011/P,66.75209147623839,Forte hausse (≥ +50 cm),69189,123
04354X0026/PUITS,-28.7198233421444,Baisse modérée (-50 à -20 cm),69473,135
04398X0002/SONDAG,-51.150488921266,Forte baisse (≤ -50 cm),27805,139
04408X0054/P,-4.7410942768797995,Quasi stable (-20 à +20 cm),23186,513
04447X0028/S,-97.3683095791916,Forte baisse (≤ -50 cm),121627,225
04502X0044/SGB8,12.3323076584372,Quasi stable (-20 à +20 cm),151750,104
04513X0085/PZ5,102.2291233616472,Forte hausse (≥ +50 cm),151990,113
04518X0044/F3,277.2280848064084,Forte hausse (≥ +50 cm),151744,101
04532X0051/PZ,-2.3393042604722,Quasi stable (-20 à +20 cm),151418,104
04553X0023/F,11.398702862587,Quasi stable (-20 à +20 cm),27269,123
04558X0072/AEP,-163.1591175116594,Forte baisse (≤ -50 cm),62315,123
04563X0105/F,144.5474426115014,Forte hausse (≥ +50 cm),11834,113
04571X0015/P,54.65484274725281,Forte hausse (≥ +50 cm),115011,119
04578X0102/FAEP,265.0951522468672,Forte hausse (≥ +50 cm),27293,930
04581X0015/FAEP2,-361.9765212406302,Forte baisse (≤ -50 cm),41644,119
04581X0019/P,-0.3424119464172,Quasi stable (-20 à +20 cm),12128,104
04593X0073/F,-574.3403097753878,Forte baisse (≤ -50 cm),24157,104
04597X0065/PZ,50.66834316076639,Forte hausse (≥ +50 cm),131852,119
04602X0020/F,50.045468033014,Forte hausse (≥ +50 cm),61934,104
04604X0001/FAEP,-0.7872674995755999,Quasi stable (-20 à +20 cm),48390,104
04612X0024/F,3.4559818250173997,Quasi stable (-20 à +20 cm),48390,104
04623X0053/F,251.7538960254586,Forte hausse (≥ +50 cm),38319,119
04625X0073/F,-225.74502826586982,Forte baisse (≤ -50 cm),50367,104
04628X0003/FAEP,4.8892405379018,Quasi stable (-20 à +20 cm),38278,119
04642X0007/S,-49.3270969799242,Baisse modérée (-50 à -20 cm),112497,127
04643X0012/PUITS,781.7505140267342,Forte hausse (≥ +50 cm),118329,135
04644X0002/PUITS,227.6434104515586,Forte hausse (≥ +50 cm),118330,135
04652X0005/F2,0.8879569793297999,Quasi stable (-20 à +20 cm),48456,139
04661X0002/S1,-5.2170542740092,Quasi stable (-20 à +20 cm),69615,139
04697X0004/SONDAG,16.347461809729598,Quasi stable (-20 à +20 cm),120877,139
04698X0112/F6,7.1189293206426,Quasi stable (-20 à +20 cm),27805,139
04702X0019/SONDAG,12.1420872066646,Quasi stable (-20 à +20 cm),27805,139
04761X0021/F1,-77.8455580006484,Forte baisse (≤ -50 cm),16760,225
04806X0003/SF,0.9368489373598,Quasi stable (-20 à +20 cm),151843,183
04818X0545/PZ33,6.5661246461462,Quasi stable (-20 à +20 cm),151876,930
04854X0257/PZ,12.0129295189964,Quasi stable (-20 à +20 cm),75363,930
04855X0077/PZ,23.636201460160798,Hausse modérée (+20 à +50 cm),151851,123
04856X0084/F,81.12669114708,Forte hausse (≥ +50 cm),11703,104
04857X0024/F1993,40.498637587298205,Hausse modérée (+20 à +50 cm),47948,121
04862X0003/FAEP,25.1816692127478,Hausse modérée (+20 à +50 cm),62307,123
04866X0038/PZ,78.96495890440059,Forte hausse (≥ +50 cm),27188,930
04881X0035/FAEP,366.2611716781508,Forte hausse (≥ +50 cm),41613,121
04883X0077/FAEP,-92.2347862482604,Forte baisse (≤ -50 cm),12074,113
04883X0081/FAEP,206.72974582902,Forte hausse (≥ +50 cm),12074,113
04892X0006/FAEP2,-173.8381677149012,Forte baisse (≤ -50 cm),53490,119
04894X0016/PZ,-544.2737496171071,Forte baisse (≤ -50 cm),58484,935
04902X0012/FAEP,-64.45021411859399,Forte baisse (≤ -50 cm),24131,107
04911X0013/FAEP2,-70.7795861080046,Forte baisse (≤ -50 cm),24008,119
04915X0009/F1AEP1,11.274156772565998,Quasi stable (-20 à +20 cm),69825,127
04926X0001/FAEP,125.1553654735278,Forte hausse (≥ +50 cm),38286,123
04934X0043/P,42.727730963967005,Hausse modérée (+20 à +50 cm),41545,135
04936X0010/F,34.0740324092946,Hausse modérée (+20 à +50 cm),63082,135
04938X0006/F,-13.1580620003864,Quasi stable (-20 à +20 cm),41545,135
04961X0093/F4,-64.9600690111616,Forte baisse (≤ -50 cm),16556,141
04994X0204/S,-60.3298011638266,Forte baisse (≤ -50 cm),112908,505
04994X0229/S,-82.96627212882959,Forte baisse (≤ -50 cm),112908,505
04994X0528/FPZ,-387.2669476303892,Forte baisse (≤ -50 cm),112908,505
05005X0131/CG-21,-37.804384674095196,Baisse modérée (-50 à -20 cm),111573,505
05007X0014/S,535.8022962897485,Forte hausse (≥ +50 cm),27791,710
05012X0024/F1,4.9782112564848005,Quasi stable (-20 à +20 cm),23184,513
05025X0138/F,-39.0673437867924,Baisse modérée (-50 à -20 cm),30691,710
05031X0072/F1,-281.86069247180575,Forte baisse (≤ -50 cm),30707,515
05068X0028/SP010,243.4959469140114,Forte hausse (≥ +50 cm),61415,101
05076X0019/F,12.807977738927201,Quasi stable (-20 à +20 cm),10882,101
05078X0041/PZN3,0.3827519425978,Quasi stable (-20 à +20 cm),151849,183
05123X0545/PZ,46.8805981664362,Hausse modérée (+20 à +50 cm),152059,137
05141X0129/FAEP,-77.6540909589762,Forte baisse (≤ -50 cm),146845,121
05155X0002/FAEP,-30.0317172192596,Baisse modérée (-50 à -20 cm),47749,121
05156X0011/P,19.113122872964798,Quasi stable (-20 à +20 cm),114825,123
05162X0008/P,96.800651275673,Forte hausse (≥ +50 cm),65057,119
05168X0006/FAEP,-79.9554143246646,Forte baisse (≤ -50 cm),58403,123
05176X0033/FAEP3,182.1809113307996,Forte hausse (≥ +50 cm),92354,121
05184X0027/P,-2.6838366922026,Quasi stable (-20 à +20 cm),49302,104
05186X0002/P,68.75264341111699,Forte hausse (≥ +50 cm),65004,133
05195X0029/P,-62.020510744762205,Forte baisse (≤ -50 cm),7176,104
05202X0099/P,27.7078716748836,Hausse modérée (+20 à +50 cm),63082,135
05203X0083/P,31.836664663801802,Hausse modérée (+20 à +50 cm),49225,135
05205X0001/PAEP,-15.129712481496599,Quasi stable (-20 à +20 cm),49225,135
05205X0013/P,4.9877212528866,Quasi stable (-20 à +20 cm),49225,135
05208X0011/P,-31.238625939060398,Baisse modérée (-50 à -20 cm),117754,139
05213X0018/P1,36.4528672635276,Hausse modérée (+20 à +50 cm),26974,139
05264X0029/S,27.9699899844558,Hausse modérée (+20 à +50 cm),113042,710
05271X0017/SONDAG,-84.335533354487,Forte baisse (≤ -50 cm),125740,505
05285X0374/P7,-7.912225175439601,Quasi stable (-20 à +20 cm),23023,710
05295X0025/Q5-17,28.683198864148395,Hausse modérée (+20 à +50 cm),30696,710
05394X0012/P,185.4138772642878,Forte hausse (≥ +50 cm),74331,137
05411X1010/FAEP,-15.001762965416198,Quasi stable (-20 à +20 cm),39671,123
05421X0001/FAEP1,42.372382495755204,Hausse modérée (+20 à +50 cm),47749,121
05422X0015/F,-105.7475250516156,Forte baisse (≤ -50 cm),53419,119
05432X0003/F,-188.4536763703096,Forte baisse (≤ -50 cm),61165,121
05441X0090/P,57.847613972763,Forte hausse (≥ +50 cm),39546,135
05442X0018/P,68.5886058879466,Forte hausse (≥ +50 cm),69751,135
05443X0079/F,-8.5816562039768,Quasi stable (-20 à +20 cm),69751,135
05445X0081/P1,55.180839398623995,Forte hausse (≥ +50 cm),39546,135
05446X0022/P,39.2030302535312,Hausse modérée (+20 à +50 cm),39546,135
05446X0136/S,-61.686844936669196,Forte baisse (≤ -50 cm),39546,135
05448X0086/P,102.48654298514262,Forte hausse (≥ +50 cm),58392,135
05454X0062/FAEP,-165.068852730697,Forte baisse (≤ -50 cm),49250,135
05458X0002/F2AEP,-39.866913242991,Baisse modérée (-50 à -20 cm),58337,104
05458X0003/PAEP,-129.4397690692848,Forte baisse (≤ -50 cm),49250,135
05461X0001/PCAEP,62.7492570398228,Forte hausse (≥ +50 cm),49250,135
05463X0029/P,-7.5783359917654005,Quasi stable (-20 à +20 cm),49225,135
05464X0045/P,1.4970330594355998,Quasi stable (-20 à +20 cm),49225,135
05465X0001/PZ,7.678245267687,Quasi stable (-20 à +20 cm),49250,135
05467X0092/PF,-17.4192043344094,Quasi stable (-20 à +20 cm),49243,113
05471X0070/P1,-25.771222773136,Baisse modérée (-50 à -20 cm),49225,135
05472X0029/P,-50.323334543945194,Forte baisse (≤ -50 cm),49225,135
05473X0036/P,-70.03743391418139,Forte baisse (≤ -50 cm),117754,139
05475X0057/P1,28.4152428425334,Hausse modérée (+20 à +50 cm),117754,139
05487X0017/P,-2.448597512826,Quasi stable (-20 à +20 cm),120135,932
05487X0126/P209,-8.6156556347252,Quasi stable (-20 à +20 cm),120135,932
05506X0032/PUITS,-74.79074283556962,Forte baisse (≤ -50 cm),57992,113
05553X0009/S2,-32.30067068618,Baisse modérée (-50 à -20 cm),121643,505
05573X0084/F.6,16.8340260646968,Quasi stable (-20 à +20 cm),125882,710
05625X0036/F,134.47639744759178,Forte hausse (≥ +50 cm),152260,185
05635X0154/F,22.436014737578397,Hausse modérée (+20 à +50 cm),93179,358
05654X0018/P,247.09221749148878,Forte hausse (≥ +50 cm),74330,139
05662X0073/S,-10.8855914990438,Quasi stable (-20 à +20 cm),39663,135
05664X0048/P,45.44895361157239,Hausse modérée (+20 à +50 cm),49810,123
05664X0064/S6,45.488694672348004,Hausse modérée (+20 à +50 cm),39534,135
05665X0003/S,130.22856748404098,Forte hausse (≥ +50 cm),53770,139
05678X0060/S,15.290079059185999,Quasi stable (-20 à +20 cm),62243,113
05687X0040/P,-67.08775326779902,Forte baisse (≤ -50 cm),39554,135
05695X0050/F,-138.7573956810646,Forte baisse (≤ -50 cm),72817,139
05696X0002/FAEP,13.1344015150996,Quasi stable (-20 à +20 cm),128948,113
05706X0003/PFAEP,-80.4069686600986,Forte baisse (≤ -50 cm),62181,113
05707X0009/FAEP2,8.4719783465054,Quasi stable (-20 à +20 cm),60414,113
05712X0016/P,5.115975019852001,Quasi stable (-20 à +20 cm),72770,139
05726X0003/F,66.0305583786916,Forte hausse (≥ +50 cm),119889,104
05797X0145/FPZ,-69.104010258201,Forte baisse (≤ -50 cm),16665,505
05811X0159/F2,-14.2847558265404,Quasi stable (-20 à +20 cm),23045,710
05842X0011/P,60.498685130896604,Forte hausse (≥ +50 cm),151832,183
05857X0145/PZ,50.692810468190395,Forte hausse (≥ +50 cm),151817,358
05866X0091/SR,508.64760401259196,Forte hausse (≥ +50 cm),151817,358
05892X0032/F,374.5913235612866,Forte hausse (≥ +50 cm),146907,139
05903X0090/PIEZO,14.8306417079244,Quasi stable (-20 à +20 cm),49807,137
05914X0007/PAEP,-32.2454967170248,Baisse modérée (-50 à -20 cm),49779,139
05923X0004/FAEP,132.9966649010694,Forte hausse (≥ +50 cm),60430,113
05933X0006/FAEP3,-23.150191842135197,Baisse modérée (-50 à -20 cm),146975,141
05943X0006/FAEP1,17.7538598503566,Quasi stable (-20 à +20 cm),119885,141
05986X0106/P16-21,-70.1373121035638,Forte baisse (≤ -50 cm),122943,932
06003X0088/P,-11.1635964784744,Quasi stable (-20 à +20 cm),81545,139
06024X0045/PZ9,169.542615082779,Forte hausse (≥ +50 cm),27829,505
06091X0541/F,18.577584463415402,Quasi stable (-20 à +20 cm),10792,101
06106X0015/P,-122.8585351221912,Forte baisse (≤ -50 cm),22809,352
06108X0022/S,287.413772696467,Forte hausse (≥ +50 cm),151817,358
06123X0044/S,406.92903742859636,Forte hausse (≥ +50 cm),53850,141
06125X0035/S,218.68827670694597,Forte hausse (≥ +50 cm),87572,135
06131X0035/DAUFFA,161.7599288646234,Forte hausse (≥ +50 cm),131259,119
06143X0011/S,89.9026256193034,Forte hausse (≥ +50 cm),74306,139
06162X0008/F5,1.958939449213,Quasi stable (-20 à +20 cm),94745,201
06165X0008/F19,-87.82772588583299,Forte baisse (≤ -50 cm),94690,201
06165X0014/F22,-65.69660963125699,Forte baisse (≤ -50 cm),94809,201
06211X0041/P3CAPT,15.800279240602,Quasi stable (-20 à +20 cm),122943,932
06211X0042/P1BOSQ,-11.682083290565199,Quasi stable (-20 à +20 cm),122943,932
06241X0016/P,48.4823005939296,Hausse modérée (+20 à +50 cm),94873,205
06256X0188/PZ,-2.1168803287714,Quasi stable (-20 à +20 cm),27830,710
06288X0096/SB,1595.367901276518,Forte hausse (≥ +50 cm),135100,516
06306X0042/BIOGE,175.1190117755632,Forte hausse (≥ +50 cm),28873,517
06352X0032/S,28.4246442349196,Hausse modérée (+20 à +50 cm),962,352
06357X0012/F,97.9286679683004,Forte hausse (≥ +50 cm),962,352
06357X0062/S,170.93365534156803,Forte hausse (≥ +50 cm),962,352
06367X0138/S,66.6214168920462,Forte hausse (≥ +50 cm),109690,352
06367X0172/F,45.7796401786842,Hausse modérée (+20 à +50 cm),97167,358
06371X0004/PUITS,62.518166467763805,Forte hausse (≥ +50 cm),87572,135
06373X0113/P,213.7795491819214,Forte hausse (≥ +50 cm),87784,358
06374X0041/S,132.1740489446542,Forte hausse (≥ +50 cm),53746,119
06376X0020/P,227.0163532060478,Forte hausse (≥ +50 cm),87784,358
06381X0033/S,626.5740668607621,Forte hausse (≥ +50 cm),53746,119
06401X0010/P1,78.799374911693,Forte hausse (≥ +50 cm),94719,201
06417X0014/P1,-6.1275316387864,Quasi stable (-20 à +20 cm),94599,201
06432X0059/P1,-37.4068257044972,Baisse modérée (-50 à -20 cm),44327,203
06505X0080/FORC,-39.292364010132005,Baisse modérée (-50 à -20 cm),23161,507
06505X0093/PZ10,-12.3858057961036,Quasi stable (-20 à +20 cm),23165,507
06512X0037/STREMY,72.9271305020464,Forte hausse (≥ +50 cm),113051,507
06533X0070/F2,-252.84698909336822,Forte baisse (≤ -50 cm),55609,516
06537X0086/P,-32.9378315032566,Baisse modérée (-50 à -20 cm),55604,516
06537X0103/VEIGY,438.4647732506778,Forte hausse (≥ +50 cm),121695,516
06591X0009/S,28.6112234182398,Hausse modérée (+20 à +50 cm),962,352
06595X0016/S,66.16046643792419,Forte hausse (≥ +50 cm),5449,348
06605X0004/F3,100.6014854708196,Forte hausse (≥ +50 cm),962,352
06613X0039/S,152.5063983140038,Forte hausse (≥ +50 cm),97095,358
06616X0068/PIEZO,45.877332212960596,Hausse modérée (+20 à +50 cm),962,352
06642X0044/F2,-19.026405484735598,Quasi stable (-20 à +20 cm),94665,201
06667X0006/P1,-1.2068940562792,Quasi stable (-20 à +20 cm),86723,201
06668X0007/F3,-30.758045374731,Baisse modérée (-50 à -20 cm),94760,201
06696X0024/FORAGE,-179.9560706319334,Forte baisse (≤ -50 cm),94670,153
06741X0046/F1PLIO,-9.764316724981201,Quasi stable (-20 à +20 cm),23089,710
06742X0001/VILLEN,-159.9327099484906,Forte baisse (≤ -50 cm),23118,507
06775X0010/BOURSI,2.1626321706856,Quasi stable (-20 à +20 cm),112122,712
06813X0035/F,1.0757442779984001,Quasi stable (-20 à +20 cm),21934,308
06822X0013/S,60.1858349356972,Forte hausse (≥ +50 cm),21033,348
06823X0100/PIEZO,320.66797905993434,Forte hausse (≥ +50 cm),21653,348
06828X0024/S,-137.7052104082444,Forte baisse (≤ -50 cm),97179,348
06842X0015/S,203.63676483669298,Forte hausse (≥ +50 cm),962,352
06851X0071/S,1.5445192377418,Quasi stable (-20 à +20 cm),962,352
06853X0053/S,123.14407970579879,Forte hausse (≥ +50 cm),107187,358
06854X0051/S,127.3025028412962,Forte hausse (≥ +50 cm),107187,358
06865X0009/F,558.3542954666082,Forte hausse (≥ +50 cm),22116,359
06865X0020/S,333.73772118351,Forte hausse (≥ +50 cm),92425,359
06882X0213/F1,-47.6910081018572,Baisse modérée (-50 à -20 cm),133240,201
06882X0214/P2,-1.9296697627994,Quasi stable (-20 à +20 cm),133240,201
06894X0018/P1,-7.316099564593199,Quasi stable (-20 à +20 cm),133195,201
06932X0178/P10,-100.1601063613896,Forte baisse (≤ -50 cm),94670,153
06932X0179/P11,-163.7872567030708,Forte baisse (≤ -50 cm),94670,153
06932X0180/LATIA,-44.12439429053519,Baisse modérée (-50 à -20 cm),94670,153
06935X0057/C1,-176.5533944958928,Forte baisse (≤ -50 cm),133216,153
06941X0249/P40-08,-50.280437961222,Forte baisse (≤ -50 cm),122934,932
06942X0163/P40-09,-45.514277168004405,Baisse modérée (-50 à -20 cm),122934,932
06993X0087/F6,13.3685159786154,Quasi stable (-20 à +20 cm),28879,712
06993X0226/MEXI_2,-12.923434447856,Quasi stable (-20 à +20 cm),23122,521
06995C0208/S1,11.3606475322854,Quasi stable (-20 à +20 cm),122584,521
06995C0271/S,99.807305973199,Forte hausse (≥ +50 cm),122584,521
07091X0042/P,13.01990999305,Quasi stable (-20 à +20 cm),962,352
07092X0077/F,11.561037870495,Quasi stable (-20 à +20 cm),107300,352
07097X0057/3,1.2588631722741999,Quasi stable (-20 à +20 cm),21050,348
07097X0067/F,137.1384748979028,Forte hausse (≥ +50 cm),104095,348
07104X0502/F,19.381412265905002,Quasi stable (-20 à +20 cm),109230,374
07107X0039/S3,156.389964755666,Forte hausse (≥ +50 cm),22116,359
07111X0033/P1,17.6319712476876,Quasi stable (-20 à +20 cm),109230,374
07114X0062/F2,-73.92723407570739,Forte baisse (≤ -50 cm),95721,201
07126X0062/P1,-60.232829550199995,Forte baisse (≤ -50 cm),109670,372
07131X0019/P1,-15.5117088235164,Quasi stable (-20 à +20 cm),94888,201
07134X0025/P1,-6.111633194639,Quasi stable (-20 à +20 cm),86722,201
07143X0017/P1,-47.110323548404196,Baisse modérée (-50 à -20 cm),109170,372
07174X0179/P2,-6.374019940303599,Quasi stable (-20 à +20 cm),122934,932
07203X0168/PZ,-103.7754226896328,Forte baisse (≤ -50 cm),73087,113
07208X0197/F1C,-278.9188034207216,Forte baisse (≤ -50 cm),73087,113
07221D0023/S,169.9678615221884,Forte hausse (≥ +50 cm),122637,712
07223C0113/S,42.048203817036,Hausse modérée (+20 à +50 cm),122588,521
07224X0102/S,-21.388488668837798,Baisse modérée (-50 à -20 cm),122585,521
07225X0023/S,-171.569782316296,Forte baisse (≤ -50 cm),28009,527
07228X0017/PZF,-12.21208801907,Quasi stable (-20 à +20 cm),23762,521
07231C0252/BUCLAY,-100.2832436891192,Forte baisse (≤ -50 cm),122588,521
07237X0113/F,-19.823607272712,Quasi stable (-20 à +20 cm),23908,712
07238X0110/F,17.1290252004332,Quasi stable (-20 à +20 cm),23908,712
07256X0095/CHAMBE,49.4184471819554,Hausse modérée (+20 à +50 cm),107260,712
07266X0052/PS4,14.8475915913268,Quasi stable (-20 à +20 cm),123746,714
07298X0001/F1,4.3624007689082,Quasi stable (-20 à +20 cm),102583,308
07298X0017/F2,-92.0286659287126,Forte baisse (≤ -50 cm),96345,306
07304X0007/S,350.1194916141796,Forte hausse (≥ +50 cm),97172,346
07312X0034/S,288.26789172608704,Forte hausse (≥ +50 cm),21020,348
07332X0530/F2,553.5319104306055,Forte hausse (≥ +50 cm),22021,346
07345X0018/F,192.42814456064238,Forte hausse (≥ +50 cm),66990,346
07355X0006/F,90.4931374570548,Forte hausse (≥ +50 cm),35457,348
07365X0203/F,7.1955779090844,Quasi stable (-20 à +20 cm),98215,372
07372X0048/F10,19.918265689861997,Quasi stable (-20 à +20 cm),133891,372
07387X0042/F9,8.8695589812612,Quasi stable (-20 à +20 cm),133876,372
07421X0080/P1,-9.946210289875,Quasi stable (-20 à +20 cm),94795,932
07464X0005/SM3,-45.630141527948595,Baisse modérée (-50 à -20 cm),23769,521
07466X0054/F,9.8118954595798,Quasi stable (-20 à +20 cm),23404,521
07475X0008/F3,-22.406958505840997,Baisse modérée (-50 à -20 cm),23754,521
07476X0029/S,-5.174994715521,Quasi stable (-20 à +20 cm),23754,521
07477X0048/F1,-61.6060624690214,Forte baisse (≤ -50 cm),23759,521
07488X0011/F,-42.687349810263,Baisse modérée (-50 à -20 cm),95959,712
07494X0026/CRUET,15.465705912865399,Quasi stable (-20 à +20 cm),113097,714
07543X0023/F11,27.132170909247,Hausse modérée (+20 à +50 cm),96388,944
07544X0091/PZEM3,28.237198124143802,Hausse modérée (+20 à +50 cm),96388,944
07545X0029/F,36.1932483601516,Hausse modérée (+20 à +50 cm),9106,308
07555X0071/FB,-9.7876680369852,Quasi stable (-20 à +20 cm),123863,944
07555X0096/PGE3B,24.1643395188196,Hausse modérée (+20 à +50 cm),123863,944
07561X0006/S,169.2155555740404,Forte hausse (≥ +50 cm),19817,346
07566X0026/S,83.8640718260658,Forte hausse (≥ +50 cm),144036,334
07578X0007/P,32.0052980906234,Hausse modérée (+20 à +50 cm),21836,942
07584X0002/F,636.8521144587804,Forte hausse (≥ +50 cm),35441,346
07595X0006/F3,15.840035665631,Quasi stable (-20 à +20 cm),21170,942
07595X0009/F,-1.8737694613823999,Quasi stable (-20 à +20 cm),124907,942
07597X0006/F,73.305410376873,Forte hausse (≥ +50 cm),57909,358
07598X0005/A81,330.7260920787404,Forte hausse (≥ +50 cm),57926,358
07616X0141/P1,13.947641543919001,Quasi stable (-20 à +20 cm),103677,372
07621X0040/P1,32.436867399257,Hausse modérée (+20 à +50 cm),133049,372
07635X0035/F,-6.7371881180654,Quasi stable (-20 à +20 cm),10419,372
07662X0278/45B-03,-36.2511890096744,Baisse modérée (-50 à -20 cm),10613,932
07703X0043/SDC,-30.147157242850398,Baisse modérée (-50 à -20 cm),23754,521
07704X0007/F,143.2393390508488,Forte hausse (≥ +50 cm),23757,521
07704X0079/S,-46.575672599064596,Baisse modérée (-50 à -20 cm),23757,521
07707X0144/F,-56.846478205570605,Forte baisse (≤ -50 cm),23777,521
07788X0038/F,87.2889359331246,Forte hausse (≥ +50 cm),100050,324
07791X0204/PZEM5,103.4922440758782,Forte hausse (≥ +50 cm),96393,944
07794X0001/F,746.4247826041666,Forte hausse (≥ +50 cm),96404,330
07796X0043/F,-6.8301281674702,Quasi stable (-20 à +20 cm),96416,944
07803X0505/S,20.151065412700596,Hausse modérée (+20 à +50 cm),8427,334
07813X0006/F,-258.3020330490906,Forte baisse (≤ -50 cm),32663,326
07823X0007/F,273.1866190024644,Forte hausse (≥ +50 cm),35050,346
07825X0015/F,18.744001723264798,Quasi stable (-20 à +20 cm),71800,306
07827X0006/F,-12.6921000927034,Quasi stable (-20 à +20 cm),19977,342
07835X0003/F3,-18.875326343316402,Quasi stable (-20 à +20 cm),20018,348
07836X0009/F,413.51736681471465,Forte hausse (≥ +50 cm),97432,348
07844X0003/P,30.643413649882,Hausse modérée (+20 à +50 cm),29482,366
07916X0008/P1,-33.947302924337,Baisse modérée (-50 à -20 cm),16380,158
07948X0038/S,-14.888920951062001,Quasi stable (-20 à +20 cm),29220,521
07955X0099/P1,-19.9255913155536,Quasi stable (-20 à +20 cm),122545,521
07968X0186/RE11,62.634390138847806,Forte hausse (≥ +50 cm),26557,714
07975X0081/PGB,-16.1718912351536,Quasi stable (-20 à +20 cm),131520,714
08022X0004/F,11.7171734643634,Quasi stable (-20 à +20 cm),101919,308
08026X0001/F1,99.6386215338378,Forte hausse (≥ +50 cm),101919,308
08026X0036/F1,124.7761297836304,Forte hausse (≥ +50 cm),66341,308
08033X0157/F1,-406.5232095651764,Forte baisse (≤ -50 cm),102546,944
08033X0294/F4,398.8449759453208,Forte hausse (≥ +50 cm),102546,944
08037X0398/F1,490.9231390578054,Forte hausse (≥ +50 cm),32223,306
08047X0039/P,135.8575217606746,Forte hausse (≥ +50 cm),32445,326
08051X0001/F,-143.6808480854054,Forte baisse (≤ -50 cm),32445,326
08056X0026/P2,114.6453239358564,Forte hausse (≥ +50 cm),124662,326
08057X0001/F1,-543.7329365524406,Forte baisse (≤ -50 cm),102921,942
08065X0010/P1,45.085032869706,Hausse modérée (+20 à +50 cm),124765,326
08067X0017/F,138.85841086666503,Forte hausse (≥ +50 cm),20763,344
08067X0022/P,32.047492592596804,Hausse modérée (+20 à +50 cm),124880,942
08071X0024/F,196.348955883553,Forte hausse (≥ +50 cm),20102,344
08077X0030/ERH,37.8533927440096,Hausse modérée (+20 à +50 cm),72599,348
08078X0027/P,10.9360910192114,Quasi stable (-20 à +20 cm),21356,348
08081X0026/SE.20,85.89761801658501,Forte hausse (≥ +50 cm),104046,348
08085X0046/F,108.830167534301,Forte hausse (≥ +50 cm),66666,348
08087X0014/ERH,-3.147677150322,Quasi stable (-20 à +20 cm),98276,348
08087X0022/PZ,41.0461480635282,Hausse modérée (+20 à +50 cm),104046,348
08101X0227/P1,31.5922148500032,Hausse modérée (+20 à +50 cm),110328,942
08144X0010/PUITS,22.2732053983468,Hausse modérée (+20 à +50 cm),81870,203
08184X0084/PZ1,-38.674830378766,Baisse modérée (-50 à -20 cm),29222,521
08188X0045/BERN,-63.578888597947405,Forte baisse (≤ -50 cm),29237,521
08191X0022/P,-82.272525668521,Forte baisse (≤ -50 cm),122547,521
08262X0023/F,26.6292104837156,Hausse modérée (+20 à +50 cm),35379,308
08264X0004/F1,-497.1697256981862,Forte baisse (≤ -50 cm),66348,308
08266X0003/F,19.365059175709202,Quasi stable (-20 à +20 cm),96458,308
08271X0106/F1,58.2939558076326,Forte hausse (≥ +50 cm),19422,306
08271X0299/PZ2,-4.361842734129199,Quasi stable (-20 à +20 cm),19420,306
08273X0354/F,58.464920517037,Forte hausse (≥ +50 cm),65319,944
08277X0163/F2,71.5118104145294,Forte hausse (≥ +50 cm),72674,946
08278X0127/F1,-496.86592914117205,Forte baisse (≤ -50 cm),57823,306
08278X0192/F,-263.72308023330555,Forte baisse (≤ -50 cm),72665,944
08305X0002/F,-831.9331864595018,Forte baisse (≤ -50 cm),32731,330
08311X0023/F1,318.876716160971,Forte hausse (≥ +50 cm),20148,344
08314X0015/F,271.437456987895,Forte hausse (≥ +50 cm),20116,346
08316X0017/Z9,39.7599507303112,Hausse modérée (+20 à +50 cm),104383,348
08318X0010/F,514.9081969182596,Forte hausse (≥ +50 cm),66819,342
08323X0205/F,0.7954271679804,Quasi stable (-20 à +20 cm),98293,348
08327X0205/F,-1.8253527444129998,Quasi stable (-20 à +20 cm),98243,352
08413X0091/F3,1088.5045726440721,Forte hausse (≥ +50 cm),27357,533
08422X0190/F1,36.2852396038596,Hausse modérée (+20 à +50 cm),34984,712
08422X0191/F2,42.6754885687186,Hausse modérée (+20 à +50 cm),34984,712
08423X0067/PZ,-10.4055411598406,Quasi stable (-20 à +20 cm),26005,521
08424X0006/F2,-23.0981433416312,Baisse modérée (-50 à -20 cm),25978,712
08435X0010/NO8,-7.7270518402268005,Quasi stable (-20 à +20 cm),135142,531
08466X0009/F2,131.9373250569514,Forte hausse (≥ +50 cm),146813,714
08466X0023/S3,59.606556912977204,Forte hausse (≥ +50 cm),146813,714
08502X0079/F,-231.1095752650016,Forte baisse (≤ -50 cm),18088,308
08511X0036/F1,14.2761125029194,Quasi stable (-20 à +20 cm),104605,308
08515X0031/PZC,0.8807125848713999,Quasi stable (-20 à +20 cm),18004,308
08522X0009/F1,64.68572105339399,Forte hausse (≥ +50 cm),31004,322
08523X0014/F,13.9709931568006,Quasi stable (-20 à +20 cm),102514,946
08524X0046/F,26.1382100283578,Hausse modérée (+20 à +50 cm),124483,946
08527X0001/F,15.330882055967802,Quasi stable (-20 à +20 cm),71227,320
08535X0019/P2,80.19526114265201,Forte hausse (≥ +50 cm),65366,946
08535X0020/F,-687.3938345928022,Forte baisse (≤ -50 cm),31969,306
08541X0001/F1,-649.5669735686464,Forte baisse (≤ -50 cm),20232,330
08556X0004/F,-418.7256796329352,Forte baisse (≤ -50 cm),21517,322
08561X0203/F,625.7034544424606,Forte hausse (≥ +50 cm),105358,348
08626X0014/BERNAD,1.5038650640586002,Quasi stable (-20 à +20 cm),110809,362
08627X0010/SO,-2.0036623512496,Quasi stable (-20 à +20 cm),103811,360
08627X0059/GAUCHE,3.6994365407848,Quasi stable (-20 à +20 cm),22740,358
08733X0003/FII,81.163303647683,Forte hausse (≥ +50 cm),18845,308
08733X0016/F1,47.5355570042346,Hausse modérée (+20 à +50 cm),18845,308
08742X0058/P4,97.21842704018759,Forte hausse (≥ +50 cm),35337,308
08742X0063/P.T9L,51.5196935293764,Forte hausse (≥ +50 cm),148739,308
08744X0005/PZE,86.26157233402141,Forte hausse (≥ +50 cm),56307,308
08746X0031/P22,14.9027739735042,Quasi stable (-20 à +20 cm),103125,308
08756X0031/F2,12.5837160214098,Quasi stable (-20 à +20 cm),19090,308
08756X0032/F1,-182.6352592323864,Forte baisse (≤ -50 cm),19090,308
08756X0033/F3,-37.024349815715205,Baisse modérée (-50 à -20 cm),19090,308
08764X0008/F,-739.8467340631322,Forte baisse (≤ -50 cm),68341,308
08773X0006/F,31.4109674647784,Hausse modérée (+20 à +50 cm),32005,946
08774X0013/F2,8.294493011826601,Quasi stable (-20 à +20 cm),31289,946
08781X0017/P,51.20403815835299,Forte hausse (≥ +50 cm),104239,322
08781X0018/P,39.236335454740804,Hausse modérée (+20 à +50 cm),104240,326
08782X0003/P,17.138213151611602,Quasi stable (-20 à +20 cm),8715,946
08786X0002/F,2.5758915760178,Quasi stable (-20 à +20 cm),8720,946
08854X0015/S,0.14253768046947024,Quasi stable (-20 à +20 cm),106660,362
08854X0040/FREBAS,3.9228368528656,Quasi stable (-20 à +20 cm),106660,362
08866X0004/RESURG,1.453816400268,Quasi stable (-20 à +20 cm),126130,358
08866X0047/BURLE,2.4951135445192,Quasi stable (-20 à +20 cm),22740,358
08866X0059/CENARE,11.4231891412304,Quasi stable (-20 à +20 cm),126130,358
08915X0028/PMA-B1,-148.5431432036912,Forte baisse (≤ -50 cm),28951,561
08977X0036/P,35.0791523811136,Hausse modérée (+20 à +50 cm),66312,308
08986X0052/PZ,47.497429808673,Hausse modérée (+20 à +50 cm),17494,308
08988X0001/F,22.781195095896003,Hausse modérée (+20 à +50 cm),110260,308
08988X0014/D5,33.3499347439716,Hausse modérée (+20 à +50 cm),56037,308
09006X0018/F,-104.2153888638334,Forte baisse (≤ -50 cm),129779,308
09007X0047/PZ,29.4291301421102,Hausse modérée (+20 à +50 cm),106923,308
09012X0006/F,60.347901444041796,Forte hausse (≥ +50 cm),8799,320
09014X0108/P,-0.163406158913567,Quasi stable (-20 à +20 cm),21552,946
09015X0001/F,33.205867824151994,Hausse modérée (+20 à +50 cm),35274,308
09021X0120/PZ,14.5393886655874,Quasi stable (-20 à +20 cm),8879,946
09022X0005/F,48.0647622814082,Hausse modérée (+20 à +50 cm),9418,946
09023X0016/F,-833.3327076316077,Forte baisse (≤ -50 cm),8902,946
09025X0011/F,16.2768602439548,Quasi stable (-20 à +20 cm),9435,322
09027X0042/F,-858.300909908347,Forte baisse (≤ -50 cm),8907,322
09028X0071/P,69.1039799017432,Forte hausse (≥ +50 cm),102960,946
09042X0001/F,4.3167759874128,Quasi stable (-20 à +20 cm),8982,322
09124X0293/SISE,3.8358397235146002,Quasi stable (-20 à +20 cm),26026,534
09125X0083/HBCM,-36.12863253544,Baisse modérée (-50 à -20 cm),26012,712
09128X0053/CAL,-69.7744111378944,Forte baisse (≤ -50 cm),123381,534
09134X0245/CNR459,6.4086806738182,Quasi stable (-20 à +20 cm),131652,712
09141X0092/N381,-18.3655883828822,Quasi stable (-20 à +20 cm),125982,712
09145X0057/N210,3.7433586795112004,Quasi stable (-20 à +20 cm),93287,712
09145X0058/N256,24.4501490346138,Hausse modérée (+20 à +50 cm),93287,712
09145X0059/N340,-17.003085572151,Quasi stable (-20 à +20 cm),93287,712
09145X0257/CNRP88,16.1527916905854,Quasi stable (-20 à +20 cm),125092,712
09146X0240/N184,6.436409281284799,Quasi stable (-20 à +20 cm),93287,712
09153X0024/S,26.6258192032296,Hausse modérée (+20 à +50 cm),135137,531
09172X0078/P,-0.924086669259,Quasi stable (-20 à +20 cm),123619,716
09246X0098/F17,25.1154144114904,Hausse modérée (+20 à +50 cm),17465,308
09257X0037/F,299.69399342512656,Forte hausse (≥ +50 cm),142642,308
09257X0042/PZ2,291.434030216998,Forte hausse (≥ +50 cm),66168,308
09257X0043/P,191.6520080146066,Forte hausse (≥ +50 cm),142642,308
09258X0005/F,103.366050666494,Forte hausse (≥ +50 cm),109556,312
09261X0008/F1,78.2333790708946,Forte hausse (≥ +50 cm),102427,344
09265X0002/F,119.76412143778701,Forte hausse (≥ +50 cm),103203,312
09266X0004/LC101,-384.0630543161178,Forte baisse (≤ -50 cm),94339,312
09266X0104/F,-495.54554549264583,Forte baisse (≤ -50 cm),96911,312
09267X0014/PIEZO1,494.5296702403322,Forte hausse (≥ +50 cm),103607,318
09267X0017/F,492.6690514601238,Forte hausse (≥ +50 cm),109603,312
09268X0213/F,182.8810848957786,Forte hausse (≥ +50 cm),57054,308
09273X0205/F,-849.3404006630634,Forte baisse (≤ -50 cm),21595,320
09294X0256/F,75.3970515212838,Forte hausse (≥ +50 cm),17609,946
09301X0028/F,38.7969648219466,Hausse modérée (+20 à +50 cm),131424,946
09302X0139/F,46.9837346785684,Hausse modérée (+20 à +50 cm),17603,946
09306X0091/F,72.2317933054294,Forte hausse (≥ +50 cm),17609,946
09306X0286/F,141.8937718095816,Forte hausse (≥ +50 cm),106939,946
09307X0146/F,38.0066472524608,Hausse modérée (+20 à +50 cm),8989,946
09311X0093/F,99.70850911228959,Forte hausse (≥ +50 cm),8990,946
09312X0063/F,69.9397367996582,Forte hausse (≥ +50 cm),57618,946
09328X0126/F,8.8302724431142,Quasi stable (-20 à +20 cm),31450,946
09381X0096/MAIRIE,-11.932942999919801,Quasi stable (-20 à +20 cm),98460,712
09382X0052/C,-0.3669215051682,Quasi stable (-20 à +20 cm),27447,712
09388X0052/VIGNOT,-48.0261372575782,Baisse modérée (-50 à -20 cm),27366,712
09388X0111/OULE,-61.8390442840002,Forte baisse (≤ -50 cm),27366,712
09388X0114/MAISON,-151.8741201142002,Forte baisse (≤ -50 cm),26046,643
09395X0059/F1,-314.94350858824436,Forte baisse (≤ -50 cm),26046,643
09398X0028/VALL,-1177.3739386415325,Forte baisse (≤ -50 cm),26026,534
09402X0244/P185,1.8304809395508,Quasi stable (-20 à +20 cm),23746,712
09404X0219/MONTEU,165.368144318679,Forte hausse (≥ +50 cm),28963,712
09405X0229/S3,-94.67482357941601,Forte baisse (≤ -50 cm),26026,534
09406X0643/P130,-11.3509450821658,Quasi stable (-20 à +20 cm),29270,712
09407X0392/156038,-17.9081748452826,Quasi stable (-20 à +20 cm),111921,712
09407X0393/P259,-1.0574191144887999,Quasi stable (-20 à +20 cm),28949,712
09408X0052/PU,-13.1692503274502,Quasi stable (-20 à +20 cm),28960,712
09432X0005/P,-11.4637614622004,Quasi stable (-20 à +20 cm),123537,716
09434X0030/2PMI,55.820262942576406,Forte hausse (≥ +50 cm),123902,716
09436X0138/1P,-19.699233816165002,Quasi stable (-20 à +20 cm),123537,716
09437X0036/23P,-5.198681737805001,Quasi stable (-20 à +20 cm),123537,716
09491X0010/F4,27.8114892723614,Hausse modérée (+20 à +50 cm),19357,308
09492X0014/F1,23.365720207246003,Hausse modérée (+20 à +50 cm),35550,308
09505X0033/D7,110.1001521643116,Forte hausse (≥ +50 cm),17419,948
09506X0048/P1,21.2160472660542,Hausse modérée (+20 à +50 cm),16964,948
09507X0048/F1,59.6947817127932,Forte hausse (≥ +50 cm),98637,306
09512X0088/PZ4,28.9224576423136,Hausse modérée (+20 à +50 cm),103445,306
09513X0050/F,150.27195923333943,Forte hausse (≥ +50 cm),98988,306
09514X0033/F2,87.71942034809,Forte hausse (≥ +50 cm),16845,312
09516X0029/F,-85.646053823867,Forte baisse (≤ -50 cm),9801,306
09516X0030/P21,45.07114286016,Hausse modérée (+20 à +50 cm),16899,948
09521X0024/F,114.53127546231138,Forte hausse (≥ +50 cm),140643,312
09523X0032/F,-6.8001756164808,Quasi stable (-20 à +20 cm),9544,312
09526X0090/F,65.4019812950532,Forte hausse (≥ +50 cm),71442,312
09541X0021/F,-1093.9252490481122,Forte baisse (≤ -50 cm),106113,322
09546X0022/F,52.55287645580739,Forte hausse (≥ +50 cm),72319,322
09562X0170/F,18.055148450428,Quasi stable (-20 à +20 cm),9026,946
09567X0219/F,23.652819876231803,Hausse modérée (+20 à +50 cm),9025,946
09574X0030/F,163.71378303747719,Forte hausse (≥ +50 cm),17726,946
09577X0047/F,17.4222047440446,Quasi stable (-20 à +20 cm),17721,946
09635X0003/FHY,16.8650382319792,Quasi stable (-20 à +20 cm),123386,631
09646X0074/B4,-10.9359972658376,Quasi stable (-20 à +20 cm),123417,718
09648X0083/F90-1,-162.4123480258672,Forte baisse (≤ -50 cm),27408,643
09651X0009/S,1.7375470520638,Quasi stable (-20 à +20 cm),27408,643
09652X0199/COURB2,-76.0430545142178,Forte baisse (≤ -50 cm),29297,647
09654X0569/CNRP20,-103.62284236064538,Forte baisse (≤ -50 cm),28051,712
09656X0066/6N49,-18.3032129760274,Quasi stable (-20 à +20 cm),123502,647
09662X0038/F41,61.1117723787314,Forte hausse (≥ +50 cm),29281,716
09663X0260/PA5,45.5687924428618,Hausse modérée (+20 à +50 cm),27852,716
09664X0207/F44,-5.6023881725128,Quasi stable (-20 à +20 cm),27856,716
09668X0106/16,37.2870518408054,Hausse modérée (+20 à +50 cm),27856,716
09675X0115/PIEZ,19.8911280599498,Quasi stable (-20 à +20 cm),27856,716
09691X0120/PIEZ,-22.467348335011,Baisse modérée (-50 à -20 cm),123537,716
09692X0128/PZ-3,37.0217798426984,Hausse modérée (+20 à +50 cm),122812,716
09724X0023/P2,-76.611774107318,Forte baisse (≤ -50 cm),123662,719
09761X0009/F,-12.6470350375328,Quasi stable (-20 à +20 cm),98773,306
09768X0040/F2,524.8898215249907,Forte hausse (≥ +50 cm),98716,330
09772X0010/F,222.9697937676656,Forte hausse (≥ +50 cm),65903,312
09775X0012/F,-186.1635383054038,Forte baisse (≤ -50 cm),65853,318
09781X0013/F,152.99014653701738,Forte hausse (≥ +50 cm),9684,312
09782X0006/P1,12.1296334776952,Quasi stable (-20 à +20 cm),18137,348
09784X0010/F3,-1390.7139075113353,Forte baisse (≤ -50 cm),66610,318
09784X0029/CHICOY,58.286191640395,Forte hausse (≥ +50 cm),33214,326
09784X0031/ELB02,-1471.3733357012043,Forte baisse (≤ -50 cm),98660,318
09792X0203/P,25.863989667383603,Hausse modérée (+20 à +50 cm),22203,948
09793X0003/F,2.7024873461234,Quasi stable (-20 à +20 cm),22205,318
09793X0011/F,38.138079002937594,Hausse modérée (+20 à +50 cm),85016,948
09805X0030/F,-45.106504660538,Baisse modérée (-50 à -20 cm),22227,948
09824X0002/F,-688.3681210562069,Forte baisse (≤ -50 cm),10048,318
09833C0249/F,19.6110454296872,Quasi stable (-20 à +20 cm),67958,306
09838D0727/F,3.218612036378,Quasi stable (-20 à +20 cm),9058,946
09845C1426/F,49.3639430261596,Hausse modérée (+20 à +50 cm),110552,946
09866X0074/F,-91.070253165881,Forte baisse (≤ -50 cm),71965,306
09882X0208/FONCAU,-4.132595554677001,Quasi stable (-20 à +20 cm),27759,693
09888X0093/DOUZES,-11.0182407139044,Quasi stable (-20 à +20 cm),123797,718
09892X0679/EXH70,184.24352072873918,Forte hausse (≥ +50 cm),106644,651
09894X0005/S,-12.089475221207,Quasi stable (-20 à +20 cm),146794,647
09894X0077/DRAC,-127.50982533098801,Forte baisse (≤ -50 cm),27519,657
09897X0081/DDEP6,2.7129564185384,Quasi stable (-20 à +20 cm),123697,647
09906X0161/PZ1,-761.1199003528574,Forte baisse (≤ -50 cm),135233,681
09907X0321/MLS3,77.1502058813788,Forte hausse (≥ +50 cm),123633,647
09908X0174/MASJAU,-242.27264440954679,Forte baisse (≤ -50 cm),113129,647
09911X0280/F,-14.780588029277201,Quasi stable (-20 à +20 cm),123407,643
09911X0302/BRES-S,-36.9182899403402,Baisse modérée (-50 à -20 cm),29295,647
09911X0303/BRES-P,-36.101845532259006,Baisse modérée (-50 à -20 cm),29295,647
09912X0278/FORAGE,0.15886650680913503,Quasi stable (-20 à +20 cm),29013,647
09914X0391/V1191,-5.5280484253546005,Quasi stable (-20 à +20 cm),29297,647
09915X0181/AUNES,24.407670825341597,Hausse modérée (+20 à +50 cm),29295,647
09916X0098/LANSAR,11.6470395360372,Quasi stable (-20 à +20 cm),29013,647
09921X0055/CAMBON,-37.006862481698,Baisse modérée (-50 à -20 cm),135230,647
09934X0087/P18B,63.9737679477878,Forte hausse (≥ +50 cm),122728,561
09937X0135/P23B,-10.255665122587999,Quasi stable (-20 à +20 cm),122728,561
09938X0164/P12B,-41.4783144059022,Baisse modérée (-50 à -20 cm),123892,561
09951X0065/P12,-4.0175918707596,Quasi stable (-20 à +20 cm),27861,716
09951X0068/F3,4.5857540805236,Quasi stable (-20 à +20 cm),27861,716
09952X0082/F9B,-4.354121369635999,Quasi stable (-20 à +20 cm),27861,716
09952X0093/PIEZ,-77.7896434425712,Forte baisse (≤ -50 cm),27861,716
09975X0009/FR,2.2187769006944,Quasi stable (-20 à +20 cm),123896,567
09995X0028/F,30.9356973336822,Hausse modérée (+20 à +50 cm),93439,719
10031X0017/F,33.7389615217206,Hausse modérée (+20 à +50 cm),32954,948
10052X0038/F,-845.527328217769,Forte baisse (≤ -50 cm),66371,318
10057X0001/LEE1,667.1496080881734,Forte hausse (≥ +50 cm),95128,318
10065X0042/F,-5.8043111230925994,Quasi stable (-20 à +20 cm),93654,948
10072X0026/F,-1044.365501619862,Forte baisse (≤ -50 cm),130808,318
10082X0001/F,-966.6934289284092,Forte baisse (≤ -50 cm),97002,318
10097X0224/F,10.987516619832,Quasi stable (-20 à +20 cm),103299,946
10098A0004/F,-222.93900766837157,Forte baisse (≤ -50 cm),17817,946
10116X0237/TREVIL,-343.938870222355,Forte baisse (≤ -50 cm),99702,334
10145X0022/F3,-938.5907284538803,Forte baisse (≤ -50 cm),123708,681
10148X0031/POMPA,-1.8671959050998,Quasi stable (-20 à +20 cm),28983,718
10153X0069/VLHR8,-60.200215185801994,Forte baisse (≤ -50 cm),123697,647
10157X0104/1777,30.436336978878398,Hausse modérée (+20 à +50 cm),29069,718
10162X0226/V,-519.5766244368434,Forte baisse (≤ -50 cm),135233,681
10166X0212/BV83,17.6373722052164,Quasi stable (-20 à +20 cm),27533,657
10192X0095/P21B,146.46884236934198,Forte hausse (≥ +50 cm),122728,561
10202X0117/PN2,35.2884417086848,Hausse modérée (+20 à +50 cm),29076,719
10218X0195/F,554.9420930584018,Forte hausse (≥ +50 cm),122745,563
10241X0173/F,135.14820662504178,Forte hausse (≥ +50 cm),26549,573
10293X0154/PZ,72.93358606729939,Forte hausse (≥ +50 cm),123245,948
10305X0234/PZ,24.6644158390812,Hausse modérée (+20 à +50 cm),95049,948
10306X0034/F3,1030.1653080257222,Forte hausse (≥ +50 cm),31591,948
10315X0112/F,12.8831701487852,Quasi stable (-20 à +20 cm),65703,948
10345X0199/F,97.7436396455518,Forte hausse (≥ +50 cm),10063,946
10357X0021/F,2.0982072260724,Quasi stable (-20 à +20 cm),10177,946
10357X0213/F,4.880877291143601,Quasi stable (-20 à +20 cm),10177,946
10364X0001/S,-144.89476743568818,Forte baisse (≤ -50 cm),27740,334
10388X0017/STALIN,-39.768020266102596,Baisse modérée (-50 à -20 cm),27588,718
10388X0037/PZ3,-76.1942038865224,Forte baisse (≤ -50 cm),29042,657
10396X0068/SADE,-19.1226824673644,Quasi stable (-20 à +20 cm),27588,718
10396X0162/F5,-12.7912498622344,Quasi stable (-20 à +20 cm),27588,718
10402X0133/SRAE13,-21.9413426211444,Baisse modérée (-50 à -20 cm),28986,657
10403X0235/2031B,-1.4442956551536,Quasi stable (-20 à +20 cm),29069,718
10403X0314/F136,5.8253460587564,Quasi stable (-20 à +20 cm),29069,718
10405X0124/F17,5.130533019666,Quasi stable (-20 à +20 cm),28978,718
10405X0171/VALRAS,112.5878518551922,Forte hausse (≥ +50 cm),28978,718
10406X0060/DRILLE,37.7063460615408,Hausse modérée (+20 à +50 cm),28978,718
10443X0301/PIEZ,-155.63353560188781,Forte baisse (≤ -50 cm),29079,719
10446X0267/PIEZ,120.15221606153099,Forte hausse (≥ +50 cm),29079,719
10447X0195/P3,-179.7901850705632,Forte baisse (≤ -50 cm),29079,719
10453X0295/P4795,-330.25070890269956,Forte baisse (≤ -50 cm),122797,573
10475X0046/F,37.458974548591804,Hausse modérée (+20 à +50 cm),123670,719
10546X0026/F,23.342391525028,Hausse modérée (+20 à +50 cm),123946,946
10548X0101/F,23.5591769607902,Hausse modérée (+20 à +50 cm),23349,946
10553X0026/F,15.0249746549356,Quasi stable (-20 à +20 cm),23313,946
10577X0159/F,-2.1651194736312,Quasi stable (-20 à +20 cm),31564,946
10592X0012/AEP,-12.2564580926848,Quasi stable (-20 à +20 cm),17808,334
10601X0027/COUMAN,-774.6881533477934,Forte baisse (≤ -50 cm),17808,334
10602X0001/111111,-615.1924954412465,Forte baisse (≤ -50 cm),27576,681
10613X0036/INRA,-3.6141962503758,Quasi stable (-20 à +20 cm),27696,681
10651X0293/P134B,66.680574501918,Forte hausse (≥ +50 cm),113247,719
10795X0028/CARSTE,-34.0503927692232,Baisse modérée (-50 à -20 cm),27593,681
10897X0010/F3,159.3239680909644,Forte hausse (≥ +50 cm),27626,699
10904X0104/PIEZO,-833.9057002522278,Forte baisse (≤ -50 cm),27589,671
10908X0263/FIGUER,106.96903776087461,Forte hausse (≥ +50 cm),27602,671
10912X0111/BAR4,6.0425948207386,Quasi stable (-20 à +20 cm),29015,718
10912X0112/BAR3,14.6495330876726,Quasi stable (-20 à +20 cm),29015,718
10916X0090/PHARE,18.174520452705597,Quasi stable (-20 à +20 cm),27603,718
10964X0119/NYLS-1,-327.436781695876,Forte baisse (≤ -50 cm),27465,671
10972X0003/ALENYA,-103.6054248297194,Forte baisse (≤ -50 cm),27472,718
10972X0137/PONT,18.221602876759803,Quasi stable (-20 à +20 cm),27472,718
10976X0058/RIMBAU,3.4948036802718003,Quasi stable (-20 à +20 cm),33727,699
11038X0105/STRU,-40.235017818822,Baisse modérée (-50 à -20 cm),123342,720
11056X0120/FIGA,-8.956952738927,Quasi stable (-20 à +20 cm),146128,720
11061X0017/REGINO,0.9523777335686,Quasi stable (-20 à +20 cm),113078,720
11064X0013/ALISO,-49.8904474990376,Baisse modérée (-50 à -20 cm),113257,720
11071X0062/CASATO,-36.1021885769058,Baisse modérée (-50 à -20 cm),123335,720
11112X0081/FIUM-A,54.033937611064,Forte hausse (≥ +50 cm),123335,720
11156X0009/BRAVON,8.921082114078398,Quasi stable (-20 à +20 cm),107221,604
11172X0119/COSCIA,15.4503975573448,Quasi stable (-20 à +20 cm),122822,720
11177X0173/P2,105.59381140217961,Forte hausse (≥ +50 cm),146137,720
11195X0114/SP1,-156.4557399643208,Forte baisse (≤ -50 cm),144701,720
11233X0117/TARAVO,81.79354044868819,Forte hausse (≥ +50 cm),141310,720
11251X0112/TARCO,-44.238804878933,Baisse modérée (-50 à -20 cm),146138,720
